FBgn_ID	FBtr_ID	FBpp_ID	Gene_Symbol	Immune_GO_terms
FBgn0287775	FBtr0086309	FBpp0085620	18w	GO:0006955
FBgn0287775	FBtr0086309	FBpp0085620	18w	GO:0019730
FBgn0000094	FBtr0346141	FBpp0311969	Anp	GO:0050830
FBgn0000094	FBtr0346141	FBpp0311969	Anp	GO:0009617
FBgn0029512	FBtr0082593	FBpp0082065	Aos1	GO:0002225
FBgn0033062	FBtr0086018	FBpp0085354	Ars2	GO:0050829
FBgn0028550	FBtr0070244	FBpp0070234	Atf3	GO:0006955
FBgn0264325	FBtr0084590	FBpp0083975	Atg6	GO:0050829
FBgn0012042	FBtr0087437	FBpp0086567	AttA	GO:0050829
FBgn0012042	FBtr0087437	FBpp0086567	AttA	GO:0050829
FBgn0012042	FBtr0087437	FBpp0086567	AttA	GO:0050830
FBgn0012042	FBtr0087437	FBpp0086567	AttA	GO:0050829
FBgn0012042	FBtr0087437	FBpp0086567	AttA	GO:0050829
FBgn0041581	FBtr0300942	FBpp0290164	AttB	GO:0050830
FBgn0041579	FBtr0305795	FBpp0297062	AttC	GO:0006952
FBgn0041579	FBtr0305795	FBpp0297062	AttC	GO:0009617
FBgn0041579	FBtr0305795	FBpp0297062	AttC	GO:0050830
FBgn0038530	FBtr0083470	FBpp0082908	AttD	GO:0050830
FBgn0288447	FBtr0339757	FBpp0308804	BaraA2	GO:0006952
FBgn0288447	FBtr0339757	FBpp0308804	BaraA2	GO:0009617
FBgn0034512	FBtr0345933	FBpp0311847	Bbd	GO:0019730
FBgn0034328	FBtr0086729	FBpp0085908	BomBc1	GO:0006952
FBgn0034328	FBtr0086729	FBpp0085908	BomBc1	GO:0009617
FBgn0034328	FBtr0086729	FBpp0085908	BomBc1	GO:0050830
FBgn0034328	FBtr0086729	FBpp0085908	BomBc1	GO:0050830
FBgn0034331	FBtr0086728	FBpp0085907	BomBc2	GO:0006952
FBgn0034329	FBtr0086662	FBpp0085843	BomS1	GO:0006952
FBgn0034329	FBtr0086662	FBpp0085843	BomS1	GO:0006952
FBgn0034329	FBtr0086662	FBpp0085843	BomS1	GO:0009617
FBgn0025583	FBtr0086664	FBpp0085845	BomS2	GO:0006952
FBgn0025583	FBtr0086664	FBpp0085845	BomS2	GO:0006952
FBgn0025583	FBtr0086664	FBpp0085845	BomS2	GO:0006952
FBgn0025583	FBtr0086664	FBpp0085845	BomS2	GO:0009617
FBgn0040736	FBtr0340328	FBpp0309289	BomS3	GO:0006952
FBgn0040736	FBtr0340328	FBpp0309289	BomS3	GO:0009617
FBgn0040736	FBtr0340328	FBpp0309289	BomS3	GO:0050830
FBgn0034330	FBtr0086663	FBpp0085844	BomS4	GO:0006952
FBgn0034330	FBtr0086663	FBpp0085844	BomS4	GO:0050830
FBgn0040734	FBtr0086667	FBpp0085848	BomS5	GO:0006952
FBgn0040734	FBtr0086667	FBpp0085848	BomS5	GO:0006952
FBgn0040733	FBtr0086727	FBpp0085906	BomS6	GO:0006952
FBgn0040735	FBtr0086666	FBpp0085847	BomT2	GO:0006952
FBgn0026144	FBtr0071052	FBpp0071011	CBP	GO:0050829
FBgn0039108	FBtr0345300	FBpp0311467	CG10232	GO:0045087
FBgn0034638	FBtr0344882	FBpp0311195	CG10433	GO:0006952
FBgn0035678	FBtr0077064	FBpp0076772	CG10469	GO:0045087
FBgn0035670	FBtr0077066	FBpp0076774	CG10472	GO:0045087
FBgn0035661	FBtr0077068	FBpp0076776	CG10477	GO:0045087
FBgn0034221	FBtr0086919	FBpp0086075	CG10764	GO:0045087
FBgn0034539	FBtr0086248	FBpp0085560	CG11159	GO:0050829
FBgn0036264	FBtr0076005	FBpp0075737	CG11529	GO:0045087
FBgn0040341	FBtr0070163	FBpp0070158	CG11664	GO:0045087
FBgn0039628	FBtr0085361	FBpp0084730	CG11841	GO:0045087
FBgn0039629	FBtr0085362	FBpp0084731	CG11842	GO:0045087
FBgn0039630	FBtr0346138	FBpp0311966	CG11843	GO:0045087
FBgn0030050	FBtr0331726	FBpp0304115	CG12111	GO:0006955
FBgn0033469	FBtr0339424	FBpp0308511	CG12133	GO:0045087
FBgn0037627	FBtr0081942	FBpp0081424	CG13318	GO:0045087
FBgn0034776	FBtr0339941	FBpp0308966	CG13527	GO:0045087
FBgn0040660	FBtr0072033	FBpp0071942	CG13551	GO:0050830
FBgn0031772	FBtr0079188	FBpp0078819	CG13994	GO:0050829
FBgn0036858	FBtr0309116	FBpp0301124	CG14088	GO:0045087
FBgn0030582	FBtr0073946	FBpp0073763	CG14411	GO:0050829
FBgn0034317	FBtr0347601	FBpp0312614	CG14499	GO:0006955
FBgn0034318	FBtr0086752	FBpp0085931	CG14500	GO:0006955
FBgn0037943	FBtr0082431	FBpp0081907	CG14722	GO:0050829
FBgn0038315	FBtr0083081	FBpp0082537	CG14866	GO:0006955
FBgn0031373	FBtr0473590	FBpp0423053	CG15358	GO:0006955
FBgn0031910	FBtr0079442	FBpp0079070	CG15818	GO:0006955
FBgn0035084	FBtr0343512	FBpp0310117	CG15861	GO:0006955
FBgn0035003	FBtr0072357	FBpp0072264	CG15873	GO:0045087
FBgn0039101	FBtr0303150	FBpp0292249	CG16710	GO:0045087
FBgn0029765	FBtr0070776	FBpp0070742	CG16756	GO:0050829
FBgn0034538	FBtr0342721	FBpp0309593	CG16799	GO:0050829
FBgn0038481	FBtr0346149	FBpp0311977	CG17475	GO:0045087
FBgn0038479	FBtr0083418	FBpp0082859	CG17477	GO:0045087
FBgn0032753	FBtr0081173	FBpp0080715	CG17572	GO:0045087
FBgn0037433	FBtr0081711	FBpp0081208	CG17919	GO:0009617
FBgn0036023	FBtr0076388	FBpp0076117	CG18179	GO:0045087
FBgn0036024	FBtr0076389	FBpp0076118	CG18180	GO:0045087
FBgn0036832	FBtr0075071	FBpp0074838	CG18223	GO:0045087
FBgn0028866	FBtr0080687	FBpp0080249	CG18420	GO:0045087
FBgn0032551	FBtr0080688	FBpp0080250	CG18636	GO:0045087
FBgn0042106	FBtr0303151	FBpp0292250	CG18754	GO:0045087
FBgn0050062	FBtr0303158	FBpp0292257	CG30062	GO:0050829
FBgn0050087	FBtr0100573	FBpp0100028	CG30087	GO:0045087
FBgn0050091	FBtr0087277	FBpp0086415	CG30091	GO:0045087
FBgn0050098	FBtr0087168	FBpp0086312	CG30098	GO:0050830
FBgn0050098	FBtr0087168	FBpp0086312	CG30098	GO:0045087
FBgn0050187	FBtr0473594	FBpp0423057	CG30187	GO:0045087
FBgn0260477	FBtr0300950	FBpp0290172	CG30283	GO:0045087
FBgn0050286	FBtr0300951	FBpp0290173	CG30286	GO:0045087
FBgn0050323	FBtr0273321	FBpp0271829	CG30323	GO:0045087
FBgn0036015	FBtr0076421	FBpp0076150	CG3088	GO:0045087
FBgn0051199	FBtr0083930	FBpp0083338	CG31199	GO:0045087
FBgn0051200	FBtr0083929	FBpp0083337	CG31200	GO:0045087
FBgn0051205	FBtr0346092	FBpp0311926	CG31205	GO:0045087
FBgn0051219	FBtr0113400	FBpp0112312	CG31219	GO:0045087
FBgn0051220	FBtr0302358	FBpp0291554	CG31220	GO:0045087
FBgn0051265	FBtr0083402	FBpp0082843	CG31265	GO:0045087
FBgn0051269	FBtr0113401	FBpp0112313	CG31269	GO:0045087
FBgn0051326	FBtr0082901	FBpp0082362	CG31326	GO:0045087
FBgn0040384	FBtr0309881	FBpp0301615	CG32795	GO:0050829
FBgn0053460	FBtr0100642	FBpp0100103	CG33460	GO:0045087
FBgn0053461	FBtr0302528	FBpp0291690	CG33461	GO:0045087
FBgn0053462	FBtr0087284	FBpp0086420	CG33462	GO:0045087
FBgn0053465	FBtr0301048	FBpp0290270	CG33465	GO:0045087
FBgn0085200	FBtr0305066	FBpp0293603	CG34171	GO:0045087
FBgn0085438	FBtr0331694	FBpp0304083	CG34409	GO:0045087
FBgn0038250	FBtr0082966	FBpp0082425	CG3505	GO:0045087
FBgn0038482	FBtr0303413	FBpp0292474	CG4053	GO:0045087
FBgn0035983	FBtr0309506	FBpp0301283	CG4080	GO:0006955
FBgn0259705	FBtr0299958	FBpp0289235	CG42359	GO:0050829
FBgn0260226	FBtr0336994	FBpp0307925	CG42500	GO:0006952
FBgn0260766	FBtr0301268	FBpp0290483	CG42564	GO:0050829
FBgn0261584	FBtr0334011	FBpp0306130	CG42694	GO:0045087
FBgn0262100	FBtr0304019	FBpp0292988	CG42853	GO:0009617
FBgn0262357	FBtr0304637	FBpp0293179	CG43055	GO:0006955
FBgn0262570	FBtr0345650	FBpp0311711	CG43110	GO:0045087
FBgn0262587	FBtr0305116	FBpp0293647	CG43124	GO:0045087
FBgn0262588	FBtr0305117	FBpp0293648	CG43125	GO:0045087
FBgn0263040	FBtr0306929	FBpp0297782	CG43335	GO:0045087
FBgn0263041	FBtr0306930	FBpp0297783	CG43336	GO:0045087
FBgn0263999	FBtr0334012	FBpp0306131	CG43742	GO:0045087
FBgn0264341	FBtr0332007	FBpp0304329	CG43797	GO:0006955
FBgn0032549	FBtr0301695	FBpp0290909	CG4650	GO:0045087
FBgn0039568	FBtr0085260	FBpp0084629	CG4815	GO:0045087
FBgn0038484	FBtr0083405	FBpp0082846	CG5246	GO:0045087
FBgn0038485	FBtr0083406	FBpp0082847	CG5255	GO:0045087
FBgn0039495	FBtr0085114	FBpp0084484	CG5909	GO:0045087
FBgn0029828	FBtr0070864	FBpp0070829	CG6067	GO:0045087
FBgn0036154	FBtr0345692	FBpp0311741	CG6168	GO:0050829
FBgn0025827	FBtr0087043	FBpp0086192	CG6421	GO:0050829
FBgn0034162	FBtr0087042	FBpp0086191	CG6426	GO:0050829
FBgn0046999	FBtr0087044	FBpp0086193	CG6429	GO:0050829
FBgn0035669	FBtr0077044	FBpp0076752	CG6592	GO:0045087
FBgn0036738	FBtr0345386	FBpp0311536	CG7542	GO:0045087
FBgn0040503	FBtr0473624	FBpp0423087	CG7763	GO:0006955
FBgn0034092	FBtr0087192	FBpp0086336	CG7798	GO:0050829
FBgn0036022	FBtr0076387	FBpp0076116	CG8329	GO:0045087
FBgn0040502	FBtr0085988	FBpp0085333	CG8343	GO:0006955
FBgn0035813	FBtr0306682	FBpp0297621	CG8492	GO:0050829
FBgn0038144	FBtr0082750	FBpp0082218	CG8870	GO:0045087
FBgn0030688	FBtr0074193	FBpp0073978	CG8952	GO:0045087
FBgn0031746	FBtr0079143	FBpp0078774	CG9029	GO:0006952
FBgn0032507	FBtr0080474	FBpp0080053	CG9377	GO:0045087
FBgn0038211	FBtr0082902	FBpp0082363	CG9649	GO:0045087
FBgn0039758	FBtr0085639	FBpp0085001	CG9737	GO:0045087
FBgn0000276	FBtr0085612	FBpp0084977	CecA1	GO:0050829
FBgn0000276	FBtr0085612	FBpp0084977	CecA1	GO:0050830
FBgn0000276	FBtr0085612	FBpp0084977	CecA1	GO:0050829
FBgn0000276	FBtr0085612	FBpp0084977	CecA1	GO:0009617
FBgn0000276	FBtr0085612	FBpp0084977	CecA1	GO:0050829
FBgn0000276	FBtr0085612	FBpp0084977	CecA1	GO:0050830
FBgn0000277	FBtr0085614	FBpp0084978	CecA2	GO:0050829
FBgn0000277	FBtr0085614	FBpp0084978	CecA2	GO:0050830
FBgn0000277	FBtr0085614	FBpp0084978	CecA2	GO:0050830
FBgn0000277	FBtr0085614	FBpp0084978	CecA2	GO:0050829
FBgn0000278	FBtr0085640	FBpp0085002	CecB	GO:0050829
FBgn0000278	FBtr0085640	FBpp0085002	CecB	GO:0050830
FBgn0000278	FBtr0085640	FBpp0085002	CecB	GO:0050830
FBgn0000278	FBtr0085640	FBpp0085002	CecB	GO:0050829
FBgn0000278	FBtr0085640	FBpp0085002	CecB	GO:0050830
FBgn0000279	FBtr0085616	FBpp0084980	CecC	GO:0050829
FBgn0000279	FBtr0085616	FBpp0084980	CecC	GO:0050830
FBgn0000279	FBtr0085616	FBpp0084980	CecC	GO:0050830
FBgn0000279	FBtr0085616	FBpp0084980	CecC	GO:0050829
FBgn0000279	FBtr0085616	FBpp0084980	CecC	GO:0050830
FBgn0037574	FBtr0081858	FBpp0081347	Coq2	GO:0050830
FBgn0037574	FBtr0081858	FBpp0081347	Coq2	GO:0050829
FBgn0025864	FBtr0343356	FBpp0310013	Crag	GO:0050829
FBgn0250848	FBtr0075766	FBpp0075508	CtsK1	GO:0006955
FBgn0033980	FBtr0300127	FBpp0289404	Cyp6a20	GO:0050829
FBgn0034537	FBtr0086232	FBpp0085546	DMAP1	GO:0002225
FBgn0067783	FBtr0344280	FBpp0310685	DPCoAC	GO:0050829
FBgn0035169	FBtr0072587	FBpp0072484	Dci	GO:0050829
FBgn0010385	FBtr0088432	FBpp0087518	Def	GO:0050830
FBgn0010385	FBtr0088432	FBpp0087518	Def	GO:0006952
FBgn0010385	FBtr0088432	FBpp0087518	Def	GO:0009617
FBgn0010385	FBtr0088432	FBpp0087518	Def	GO:0050830
FBgn0010385	FBtr0088432	FBpp0087518	Def	GO:0009617
FBgn0015247	FBtr0087297	FBpp0086432	Diap2	GO:0050829
FBgn0015247	FBtr0087297	FBpp0086432	Diap2	GO:0050829
FBgn0015247	FBtr0087297	FBpp0086432	Diap2	GO:0050829
FBgn0039666	FBtr0085426	FBpp0084794	Diedel	GO:0009617
FBgn0039666	FBtr0085426	FBpp0084794	Diedel	GO:0009617
FBgn0011274	FBtr0301578	FBpp0290793	Dif	GO:0008063
FBgn0011274	FBtr0301578	FBpp0290793	Dif	GO:0045087
FBgn0011274	FBtr0301578	FBpp0290793	Dif	GO:0008063
FBgn0011274	FBtr0301578	FBpp0290793	Dif	GO:0002225
FBgn0011274	FBtr0301578	FBpp0290793	Dif	GO:0050830
FBgn0011274	FBtr0301578	FBpp0290793	Dif	GO:0050830
FBgn0011274	FBtr0301578	FBpp0290793	Dif	GO:0050830
FBgn0011274	FBtr0301578	FBpp0290793	Dif	GO:0006955
FBgn0011274	FBtr0301578	FBpp0290793	Dif	GO:0050830
FBgn0011274	FBtr0301578	FBpp0290793	Dif	GO:0006955
FBgn0011274	FBtr0301578	FBpp0290793	Dif	GO:0045087
FBgn0040465	FBtr0086734	FBpp0085913	Dlip3	GO:0006955
FBgn0265998	FBtr0299742	FBpp0289020	Doa	GO:0002225
FBgn0004240	FBtr0086620	FBpp0085802	DptA	GO:0050829
FBgn0004240	FBtr0086620	FBpp0085802	DptA	GO:0009617
FBgn0004240	FBtr0086620	FBpp0085802	DptA	GO:0009617
FBgn0004240	FBtr0086620	FBpp0085802	DptA	GO:0050829
FBgn0004240	FBtr0086620	FBpp0085802	DptA	GO:0050829
FBgn0034407	FBtr0086621	FBpp0085803	DptB	GO:0050830
FBgn0020381	FBtr0114559	FBpp0113051	Dredd	GO:0006952
FBgn0020381	FBtr0114559	FBpp0113051	Dredd	GO:0050829
FBgn0020381	FBtr0114559	FBpp0113051	Dredd	GO:0045087
FBgn0020381	FBtr0114559	FBpp0113051	Dredd	GO:0050829
FBgn0020381	FBtr0114559	FBpp0113051	Dredd	GO:0006955
FBgn0020381	FBtr0114559	FBpp0113051	Dredd	GO:0050829
FBgn0020381	FBtr0114559	FBpp0113051	Dredd	GO:0050829
FBgn0020381	FBtr0114559	FBpp0113051	Dredd	GO:0050829
FBgn0020381	FBtr0114559	FBpp0113051	Dredd	GO:0050829
FBgn0010388	FBtr0309055	FBpp0301076	Dro	GO:0050829
FBgn0010388	FBtr0309055	FBpp0301076	Dro	GO:0050829
FBgn0010388	FBtr0309055	FBpp0301076	Dro	GO:0050830
FBgn0010388	FBtr0309055	FBpp0301076	Dro	GO:0050829
FBgn0010388	FBtr0309055	FBpp0301076	Dro	GO:0006952
FBgn0010388	FBtr0309055	FBpp0301076	Dro	GO:0009617
FBgn0010388	FBtr0309055	FBpp0301076	Dro	GO:0009617
FBgn0283461	FBtr0073073	FBpp0072935	Drs	GO:0006952
FBgn0283461	FBtr0073073	FBpp0072935	Drs	GO:0006952
FBgn0283461	FBtr0073073	FBpp0072935	Drs	GO:0050829
FBgn0283461	FBtr0073073	FBpp0072935	Drs	GO:0009617
FBgn0283461	FBtr0073073	FBpp0072935	Drs	GO:0009617
FBgn0283461	FBtr0073073	FBpp0072935	Drs	GO:0006952
FBgn0052274	FBtr0073081	FBpp0072943	Drsl1	GO:0006952
FBgn0052279	FBtr0073059	FBpp0072923	Drsl2	GO:0006952
FBgn0052279	FBtr0073059	FBpp0072923	Drsl2	GO:0006952
FBgn0052283	FBtr0073060	FBpp0072924	Drsl3	GO:0006952
FBgn0052283	FBtr0073060	FBpp0072924	Drsl3	GO:0006952
FBgn0052282	FBtr0073061	FBpp0072925	Drsl4	GO:0006952
FBgn0052282	FBtr0073061	FBpp0072925	Drsl4	GO:0006952
FBgn0035434	FBtr0073062	FBpp0072926	Drsl5	GO:0006952
FBgn0035434	FBtr0073062	FBpp0072926	Drsl5	GO:0006952
FBgn0052268	FBtr0073080	FBpp0072942	Drsl6	GO:0006952
FBgn0040653	FBtr0345819	FBpp0311805	Dso1	GO:0006952
FBgn0040653	FBtr0345819	FBpp0311805	Dso1	GO:0006952
FBgn0040653	FBtr0345819	FBpp0311805	Dso1	GO:0009617
FBgn0067905	FBtr0100038	FBpp0099553	Dso2	GO:0006952
FBgn0067905	FBtr0100038	FBpp0099553	Dso2	GO:0009617
FBgn0283531	FBtr0300382	FBpp0289611	Duox	GO:0006952
FBgn0028436	FBtr0078647	FBpp0078296	ECSIT	GO:0045087
FBgn0028436	FBtr0078647	FBpp0078296	ECSIT	GO:0045087
FBgn0062440	FBtr0086781	FBpp0085960	EMRE	GO:0050829
FBgn0050090	FBtr0087279	FBpp0086417	Erasp	GO:0045087
FBgn0032157	FBtr0079901	FBpp0079496	Etl1	GO:0050829
FBgn0038928	FBtr0084176	FBpp0083574	Fadd	GO:0006955
FBgn0038928	FBtr0084176	FBpp0083574	Fadd	GO:0050829
FBgn0038928	FBtr0084176	FBpp0083574	Fadd	GO:0050829
FBgn0038928	FBtr0084176	FBpp0083574	Fadd	GO:0050829
FBgn0038928	FBtr0084176	FBpp0083574	Fadd	GO:0050829
FBgn0035498	FBtr0073210	FBpp0073066	Fit1	GO:0050829
FBgn0038391	FBtr0303260	FBpp0292352	GATAe	GO:0019730
FBgn0040323	FBtr0075050	FBpp0074817	GNBP1	GO:0002221
FBgn0040323	FBtr0075050	FBpp0074817	GNBP1	GO:0006955
FBgn0040323	FBtr0075050	FBpp0074817	GNBP1	GO:0050830
FBgn0040323	FBtr0075050	FBpp0074817	GNBP1	GO:0050830
FBgn0040323	FBtr0075050	FBpp0074817	GNBP1	GO:0050829
FBgn0040323	FBtr0075050	FBpp0074817	GNBP1	GO:0160032
FBgn0040323	FBtr0075050	FBpp0074817	GNBP1	GO:0050830
FBgn0040323	FBtr0075050	FBpp0074817	GNBP1	GO:0050829
FBgn0040323	FBtr0075050	FBpp0074817	GNBP1	GO:0160032
FBgn0040323	FBtr0075050	FBpp0074817	GNBP1	GO:0050830
FBgn0040323	FBtr0075050	FBpp0074817	GNBP1	GO:0050830
FBgn0040322	FBtr0075094	FBpp0074861	GNBP2	GO:0002221
FBgn0040321	FBtr0076510	FBpp0076237	GNBP3	GO:0002221
FBgn0034199	FBtr0086986	FBpp0086139	Gbp1	GO:0002225
FBgn0004507	FBtr0077828	FBpp0077501	Glyp	GO:0050829
FBgn0261988	FBtr0085788	FBpp0085149	Gprk2	GO:0050830
FBgn0045495	FBtr0079458	FBpp0079086	Gr28b	GO:0006955
FBgn0035906	FBtr0076654	FBpp0076378	GstO2	GO:0050829
FBgn0266136	FBtr0302281	FBpp0291487	Gyc76C	GO:0007168
FBgn0266136	FBtr0302281	FBpp0291487	Gyc76C	GO:0050830
FBgn0042712	FBtr0345807	FBpp0311793	HBS1	GO:0050829
FBgn0037376	FBtr0078669	FBpp0078318	Hat1	GO:0050829
FBgn0030925	FBtr0113000	FBpp0111913	Hayan	GO:0045087
FBgn0028430	FBtr0080616	FBpp0080189	He	GO:0045087
FBgn0035207	FBtr0072670	FBpp0072563	Herc4	GO:0002225
FBgn0035207	FBtr0072670	FBpp0072563	Herc4	GO:0045087
FBgn0014000	FBtr0081306	FBpp0080841	Hf	GO:0045087
FBgn0015239	FBtr0078391	FBpp0078046	Hr78	GO:0050829
FBgn0031561	FBtr0345610	FBpp0311679	IM33	GO:0009617
FBgn0001247	FBtr0273273	FBpp0271781	Ide	GO:0050829
FBgn0020906	FBtr0100432	FBpp0099851	Jon25Bi	GO:0045087
FBgn0031654	FBtr0345335	FBpp0311491	Jon25Bii	GO:0045087
FBgn0031653	FBtr0079056	FBpp0078692	Jon25Biii	GO:0045087
FBgn0001285	FBtr0345661	FBpp0311716	Jon44E	GO:0045087
FBgn0035667	FBtr0346527	FBpp0312145	Jon65Ai	GO:0045087
FBgn0035666	FBtr0077042	FBpp0076750	Jon65Aii	GO:0045087
FBgn0035665	FBtr0077041	FBpp0076749	Jon65Aiii	GO:0045087
FBgn0250815	FBtr0077040	FBpp0076748	Jon65Aiv	GO:0045087
FBgn0035886	FBtr0076608	FBpp0076335	Jon66Ci	GO:0045087
FBgn0035887	FBtr0076666	FBpp0076389	Jon66Cii	GO:0045087
FBgn0023197	FBtr0473621	FBpp0423084	Jon74E	GO:0045087
FBgn0003358	FBtr0085511	FBpp0084877	Jon99Ci	GO:0045087
FBgn0003356	FBtr0085512	FBpp0084878	Jon99Cii	GO:0045087
FBgn0039778	FBtr0085652	FBpp0085014	Jon99Fi	GO:0045087
FBgn0039777	FBtr0085690	FBpp0085052	Jon99Fii	GO:0045087
FBgn0001291	FBtr0088410	FBpp0087498	Jra	GO:0050829
FBgn0038191	FBtr0082876	FBpp0082339	Kots	GO:0050829
FBgn0031857	FBtr0331218	FBpp0303660	LUBEL	GO:0050829
FBgn0289933	FBtr0079490	FBpp0079113	LanB1	GO:0050829
FBgn0001258	FBtr0332065	FBpp0304375	Ldh	GO:0019244
FBgn0001258	FBtr0332065	FBpp0304375	Ldh	GO:0019674
FBgn0016675	FBtr0081201	FBpp0080742	Lectin-galC1	GO:0006955
FBgn0033593	FBtr0088191	FBpp0087287	Listericin	GO:0050830
FBgn0033593	FBtr0088191	FBpp0087287	Listericin	GO:0050830
FBgn0033593	FBtr0088191	FBpp0087287	Listericin	GO:0050829
FBgn0033593	FBtr0088191	FBpp0087287	Listericin	GO:0050829
FBgn0004425	FBtr0336738	FBpp0307718	LysB	GO:0050829
FBgn0004427	FBtr0072634	FBpp0072530	LysD	GO:0050829
FBgn0004428	FBtr0072630	FBpp0072526	LysE	GO:0050829
FBgn0004428	FBtr0072630	FBpp0072526	LysE	GO:0050829
FBgn0004429	FBtr0072633	FBpp0072529	LysP	GO:0050829
FBgn0004430	FBtr0072631	FBpp0072527	LysS	GO:0050829
FBgn0004431	FBtr0072637	FBpp0072533	LysX	GO:0050829
FBgn0024330	FBtr0082161	FBpp0081639	MED6	GO:0050829
FBgn0027930	FBtr0078903	FBpp0078543	MP1	GO:0045087
FBgn0011656	FBtr0088447	FBpp0089303	Mef2	GO:0019730
FBgn0014865	FBtr0087386	FBpp0086518	Mtk	GO:0050830
FBgn0014865	FBtr0087386	FBpp0086518	Mtk	GO:0006952
FBgn0014865	FBtr0087386	FBpp0086518	Mtk	GO:0009617
FBgn0014865	FBtr0087386	FBpp0086518	Mtk	GO:0050829
FBgn0014865	FBtr0087386	FBpp0086518	Mtk	GO:0009617
FBgn0033402	FBtr0333000	FBpp0305215	Myd88	GO:0002225
FBgn0033402	FBtr0333000	FBpp0305215	Myd88	GO:0050830
FBgn0033402	FBtr0333000	FBpp0305215	Myd88	GO:0045087
FBgn0033402	FBtr0333000	FBpp0305215	Myd88	GO:0050830
FBgn0033402	FBtr0333000	FBpp0305215	Myd88	GO:0045087
FBgn0033402	FBtr0333000	FBpp0305215	Myd88	GO:0050830
FBgn0261526	FBtr0301519	FBpp0290734	NT1	GO:0045087
FBgn0052190	FBtr0075171	FBpp0074937	NUCB1	GO:0050829
FBgn0263873	FBtr0329838	FBpp0302879	Nav	GO:0050829
FBgn0027929	FBtr0080585	FBpp0080162	NimB1	GO:0006955
FBgn0028543	FBtr0080618	FBpp0080191	NimB2	GO:0006955
FBgn0028542	FBtr0080617	FBpp0080190	NimB4	GO:0006955
FBgn0028936	FBtr0343643	FBpp0310236	NimB5	GO:0006955
FBgn0259896	FBtr0343644	FBpp0310237	NimC1	GO:0006955
FBgn0028939	FBtr0343689	FBpp0310277	NimC2	GO:0006955
FBgn0001967	FBtr0290243	FBpp0288682	NimC3	GO:0006955
FBgn0260011	FBtr0080592	FBpp0080169	NimC4	GO:0006955
FBgn0085428	FBtr0345378	FBpp0311529	Nox	GO:0006952
FBgn0259704	FBtr0299957	FBpp0289234	Nsun5	GO:0050829
FBgn0028411	FBtr0072241	FBpp0072150	Nxt1	GO:0050829
FBgn0036580	FBtr0075483	FBpp0075238	PDCD-5	GO:0050829
FBgn0035975	FBtr0076435	FBpp0076164	PGRP-LA	GO:0006955
FBgn0035975	FBtr0076435	FBpp0076164	PGRP-LA	GO:0045087
FBgn0035975	FBtr0076435	FBpp0076164	PGRP-LA	GO:0009617
FBgn0035975	FBtr0076435	FBpp0076164	PGRP-LA	GO:0050829
FBgn0037906	FBtr0306097	FBpp0297234	PGRP-LB	GO:0045087
FBgn0037906	FBtr0306097	FBpp0297234	PGRP-LB	GO:0050830
FBgn0037906	FBtr0306097	FBpp0297234	PGRP-LB	GO:0045087
FBgn0035976	FBtr0089491	FBpp0088492	PGRP-LC	GO:0050829
FBgn0035976	FBtr0089491	FBpp0088492	PGRP-LC	GO:0006955
FBgn0035976	FBtr0089491	FBpp0088492	PGRP-LC	GO:0050829
FBgn0035976	FBtr0089491	FBpp0088492	PGRP-LC	GO:0006955
FBgn0035976	FBtr0089491	FBpp0088492	PGRP-LC	GO:0009617
FBgn0035976	FBtr0089491	FBpp0088492	PGRP-LC	GO:0050829
FBgn0035976	FBtr0089491	FBpp0088492	PGRP-LC	GO:0050829
FBgn0260458	FBtr0091710	FBpp0099636	PGRP-LD	GO:0045087
FBgn0030695	FBtr0307978	FBpp0300347	PGRP-LE	GO:0045087
FBgn0030695	FBtr0307978	FBpp0300347	PGRP-LE	GO:0050830
FBgn0030695	FBtr0307978	FBpp0300347	PGRP-LE	GO:0050829
FBgn0030695	FBtr0307978	FBpp0300347	PGRP-LE	GO:0050829
FBgn0035977	FBtr0076439	FBpp0076167	PGRP-LF	GO:0009617
FBgn0030310	FBtr0073509	FBpp0073358	PGRP-SA	GO:0045087
FBgn0030310	FBtr0073509	FBpp0073358	PGRP-SA	GO:0050830
FBgn0030310	FBtr0073509	FBpp0073358	PGRP-SA	GO:0050830
FBgn0030310	FBtr0073509	FBpp0073358	PGRP-SA	GO:0160032
FBgn0030310	FBtr0073509	FBpp0073358	PGRP-SA	GO:0045087
FBgn0030310	FBtr0073509	FBpp0073358	PGRP-SA	GO:0050830
FBgn0030310	FBtr0073509	FBpp0073358	PGRP-SA	GO:0160032
FBgn0030310	FBtr0073509	FBpp0073358	PGRP-SA	GO:0050830
FBgn0030310	FBtr0073509	FBpp0073358	PGRP-SA	GO:0050830
FBgn0043578	FBtr0075348	FBpp0075107	PGRP-SB1	GO:0045087
FBgn0043578	FBtr0075348	FBpp0075107	PGRP-SB1	GO:0045087
FBgn0043577	FBtr0075320	FBpp0075079	PGRP-SB2	GO:0045087
FBgn0043577	FBtr0075320	FBpp0075079	PGRP-SB2	GO:0045087
FBgn0043576	FBtr0088707	FBpp0087786	PGRP-SC1a	GO:0045087
FBgn0043576	FBtr0088707	FBpp0087786	PGRP-SC1a	GO:0045087
FBgn0043576	FBtr0088707	FBpp0087786	PGRP-SC1a	GO:0050830
FBgn0033327	FBtr0339336	FBpp0308436	PGRP-SC1b	GO:0045087
FBgn0033327	FBtr0339336	FBpp0308436	PGRP-SC1b	GO:0045087
FBgn0033327	FBtr0339336	FBpp0308436	PGRP-SC1b	GO:0045087
FBgn0043575	FBtr0088709	FBpp0087788	PGRP-SC2	GO:0045087
FBgn0035806	FBtr0076807	FBpp0076519	PGRP-SD	GO:0045087
FBgn0035806	FBtr0076807	FBpp0076519	PGRP-SD	GO:0045087
FBgn0035806	FBtr0076807	FBpp0076519	PGRP-SD	GO:0050830
FBgn0035806	FBtr0076807	FBpp0076519	PGRP-SD	GO:0050830
FBgn0035806	FBtr0076807	FBpp0076519	PGRP-SD	GO:0050829
FBgn0035806	FBtr0076807	FBpp0076519	PGRP-SD	GO:0050830
FBgn0035806	FBtr0076807	FBpp0076519	PGRP-SD	GO:0042834
FBgn0040294	FBtr0086828	FBpp0086007	POSH	GO:0045087
FBgn0283437	FBtr0302291	FBpp0291497	PPO1	GO:0050830
FBgn0283437	FBtr0302291	FBpp0291497	PPO1	GO:0050830
FBgn0283437	FBtr0302291	FBpp0291497	PPO1	GO:0050830
FBgn0033367	FBtr0088663	FBpp0087744	PPO2	GO:0050830
FBgn0033367	FBtr0088663	FBpp0087744	PPO2	GO:0050830
FBgn0067903	FBtr0091694	FBpp0100134	Pai	GO:0006952
FBgn0067903	FBtr0091694	FBpp0100134	Pai	GO:0009617
FBgn0038973	FBtr0084255	FBpp0083648	Pebp1	GO:0050829
FBgn0038973	FBtr0084255	FBpp0083648	Pebp1	GO:0050830
FBgn0035089	FBtr0343509	FBpp0310114	Phk-3	GO:0009617
FBgn0016696	FBtr0078247	FBpp0077905	Pitslre	GO:0002225
FBgn0025574	FBtr0112907	FBpp0111820	Pli	GO:0002225
FBgn0025574	FBtr0112907	FBpp0111820	Pli	GO:0045087
FBgn0003134	FBtr0334334	FBpp0306442	Pp1alpha-96A	GO:0050829
FBgn0032492	FBtr0080448	FBpp0080028	Prosalpha6T	GO:0050829
FBgn0032006	FBtr0302147	FBpp0291357	Pvr	GO:0045087
FBgn0015286	FBtr0070584	FBpp0070559	Rala	GO:0045087
FBgn0015286	FBtr0070584	FBpp0070559	Rala	GO:0050829
FBgn0014018	FBtr0089338	FBpp0088375	Rel	GO:0006955
FBgn0014018	FBtr0089338	FBpp0088375	Rel	GO:0002225
FBgn0014018	FBtr0089338	FBpp0088375	Rel	GO:0050829
FBgn0014018	FBtr0089338	FBpp0088375	Rel	GO:0050829
FBgn0014018	FBtr0089338	FBpp0088375	Rel	GO:0006955
FBgn0014018	FBtr0089338	FBpp0088375	Rel	GO:0050829
FBgn0014018	FBtr0089338	FBpp0088375	Rel	GO:0050829
FBgn0014018	FBtr0089338	FBpp0088375	Rel	GO:0009617
FBgn0014018	FBtr0089338	FBpp0088375	Rel	GO:0050829
FBgn0014018	FBtr0089338	FBpp0088375	Rel	GO:0050829
FBgn0032256	FBtr0080032	FBpp0079622	RluA-2	GO:0050829
FBgn0034070	FBtr0340019	FBpp0309033	SP2353	GO:0050829
FBgn0039102	FBtr0084440	FBpp0083832	SPE	GO:0050829
FBgn0039102	FBtr0084440	FBpp0083832	SPE	GO:0045087
FBgn0039102	FBtr0084440	FBpp0083832	SPE	GO:0050830
FBgn0039102	FBtr0084440	FBpp0083832	SPE	GO:0004252
FBgn0039102	FBtr0084440	FBpp0083832	SPE	GO:0050830
FBgn0039102	FBtr0084440	FBpp0083832	SPE	GO:0160032
FBgn0039102	FBtr0084440	FBpp0083832	SPE	GO:0050830
FBgn0039102	FBtr0084440	FBpp0083832	SPE	GO:0002225
FBgn0039102	FBtr0084440	FBpp0083832	SPE	GO:0045087
FBgn0039102	FBtr0084440	FBpp0083832	SPE	GO:0160032
FBgn0039102	FBtr0084440	FBpp0083832	SPE	GO:0050830
FBgn0039102	FBtr0084440	FBpp0083832	SPE	GO:0160032
FBgn0039102	FBtr0084440	FBpp0083832	SPE	GO:0050830
FBgn0039102	FBtr0084440	FBpp0083832	SPE	GO:0045087
FBgn0039102	FBtr0084440	FBpp0083832	SPE	GO:0045087
FBgn0032638	FBtr0081004	FBpp0080557	SPH93	GO:0050830
FBgn0019932	FBtr0079994	FBpp0079584	SamDC	GO:0050829
FBgn0033339	FBtr0088642	FBpp0087723	Sec31	GO:0050829
FBgn0266670	FBtr0077519	FBpp0077208	Sec5	GO:0045087
FBgn0259958	FBtr0300304	FBpp0289532	Sfp24F	GO:0006955
FBgn0039593	FBtr0085307	FBpp0084676	Sid	GO:0009617
FBgn0053329	FBtr0300406	FBpp0289635	Sp212	GO:0009617
FBgn0037515	FBtr0081740	FBpp0081237	Sp7	GO:0050830
FBgn0028986	FBtr0081450	FBpp0080979	Spn38F	GO:0050829
FBgn0014033	FBtr0346582	FBpp0312173	Sr-CI	GO:0006955
FBgn0014033	FBtr0346582	FBpp0312173	Sr-CI	GO:0009617
FBgn0014033	FBtr0346582	FBpp0312173	Sr-CI	GO:0050829
FBgn0016917	FBtr0334581	FBpp0306648	Stat92E	GO:0006952
FBgn0016917	FBtr0334581	FBpp0306648	Stat92E	GO:0006952
FBgn0033453	FBtr0345020	FBpp0311271	Sting	GO:0045087
FBgn0003612	FBtr0302507	FBpp0291669	Su(var)2-10	GO:0050829
FBgn0264922	FBtr0079356	FBpp0078984	Sumo	GO:0002225
FBgn0264922	FBtr0079356	FBpp0078984	Sumo	GO:0002225
FBgn0028541	FBtr0343657	FBpp0310252	TM9SF4	GO:0050829
FBgn0026323	FBtr0077319	FBpp0077011	Tak1	GO:0006955
FBgn0026323	FBtr0077319	FBpp0077011	Tak1	GO:0050829
FBgn0026323	FBtr0077319	FBpp0077011	Tak1	GO:0050829
FBgn0026323	FBtr0077319	FBpp0077011	Tak1	GO:0050829
FBgn0026323	FBtr0077319	FBpp0077011	Tak1	GO:0061057
FBgn0026323	FBtr0077319	FBpp0077011	Tak1	GO:0006955
FBgn0046689	FBtr0083996	FBpp0083400	Takl1	GO:0006955
FBgn0033955	FBtr0300764	FBpp0289988	Targ	GO:0045087
FBgn0263602	FBtr0333600	FBpp0305777	Tasp1	GO:0050829
FBgn0026760	FBtr0346423	FBpp0312090	Tehao	GO:0045087
FBgn0026760	FBtr0346423	FBpp0312090	Tehao	GO:0045087
FBgn0041183	FBtr0080811	FBpp0080369	Tep1	GO:0045087
FBgn0041182	FBtr0335487	FBpp0307460	Tep2	GO:0050829
FBgn0041182	FBtr0335487	FBpp0307460	Tep2	GO:0045087
FBgn0041181	FBtr0079477	FBpp0079101	Tep3	GO:0050830
FBgn0041181	FBtr0079477	FBpp0079101	Tep3	GO:0045087
FBgn0041180	FBtr0331328	FBpp0303746	Tep4	GO:0045087
FBgn0031975	FBtr0079533	FBpp0079155	Tg	GO:0045087
FBgn0261560	FBtr0077524	FBpp0077213	Thor	GO:0006955
FBgn0261560	FBtr0077524	FBpp0077213	Thor	GO:0006955
FBgn0261560	FBtr0077524	FBpp0077213	Thor	GO:0009617
FBgn0027360	FBtr0071676	FBpp0071593	Tim10	GO:0050829
FBgn0262473	FBtr0085059	FBpp0084431	Tl	GO:0002225
FBgn0262473	FBtr0085059	FBpp0084431	Tl	GO:0002225
FBgn0262473	FBtr0085059	FBpp0084431	Tl	GO:0002225
FBgn0262473	FBtr0085059	FBpp0084431	Tl	GO:0008063
FBgn0262473	FBtr0085059	FBpp0084431	Tl	GO:0050830
FBgn0262473	FBtr0085059	FBpp0084431	Tl	GO:0045087
FBgn0262473	FBtr0085059	FBpp0084431	Tl	GO:0045087
FBgn0262473	FBtr0085059	FBpp0084431	Tl	GO:0002225
FBgn0262473	FBtr0085059	FBpp0084431	Tl	GO:0045087
FBgn0034476	FBtr0086336	FBpp0085638	Toll-7	GO:0002225
FBgn0034476	FBtr0086336	FBpp0085638	Toll-7	GO:0045087
FBgn0028396	FBtr0083971	FBpp0083378	TotA	GO:0009617
FBgn0028396	FBtr0083971	FBpp0083378	TotA	GO:0009617
FBgn0028396	FBtr0083971	FBpp0083378	TotA	GO:0009617
FBgn0028396	FBtr0083971	FBpp0083378	TotA	GO:0002376
FBgn0028396	FBtr0083971	FBpp0083378	TotA	GO:0009617
FBgn0028396	FBtr0083971	FBpp0083378	TotA	GO:0009617
FBgn0038838	FBtr0083973	FBpp0083380	TotB	GO:0009617
FBgn0038838	FBtr0083973	FBpp0083380	TotB	GO:0002376
FBgn0044812	FBtr0083972	FBpp0083379	TotC	GO:0009617
FBgn0044812	FBtr0083972	FBpp0083379	TotC	GO:0002376
FBgn0053117	FBtr0081309	FBpp0080844	TotE	GO:0009617
FBgn0053117	FBtr0081309	FBpp0080844	TotE	GO:0002376
FBgn0044811	FBtr0081310	FBpp0080845	TotF	GO:0009617
FBgn0044811	FBtr0081310	FBpp0080845	TotF	GO:0002376
FBgn0031701	FBtr0079073	FBpp0078708	TotM	GO:0009617
FBgn0031701	FBtr0079073	FBpp0078708	TotM	GO:0002376
FBgn0031701	FBtr0079073	FBpp0078708	TotM	GO:0050830
FBgn0044810	FBtr0083985	FBpp0083389	TotX	GO:0009617
FBgn0044810	FBtr0083985	FBpp0083389	TotX	GO:0002376
FBgn0044809	FBtr0083974	FBpp0083381	TotZ	GO:0009617
FBgn0044809	FBtr0083974	FBpp0083381	TotZ	GO:0002376
FBgn0026319	FBtr0334401	FBpp0306504	Traf4	GO:0050829
FBgn0265464	FBtr0071188	FBpp0071136	Traf6	GO:0045087
FBgn0265464	FBtr0071188	FBpp0071136	Traf6	GO:0050829
FBgn0265464	FBtr0071188	FBpp0071136	Traf6	GO:0045087
FBgn0029113	FBtr0076734	FBpp0076457	Uba2	GO:0002225
FBgn0267384	FBtr0340157	FBpp0309143	Ubc7	GO:0050829
FBgn0029687	FBtr0342739	FBpp0309607	Vap33	GO:0050829
FBgn0003980	FBtr0345439	FBpp0311564	Vm26Ab	GO:0009617
FBgn0039702	FBtr0085533	FBpp0084899	Vps16B	GO:0006955
FBgn0039335	FBtr0084835	FBpp0084210	Vps33B	GO:0006955
FBgn0031972	FBtr0079550	FBpp0079172	Wwox	GO:0050829
FBgn0004047	FBtr0346090	FBpp0311924	Yp3	GO:0009617
FBgn0082598	FBtr0076849	FBpp0076560	akirin	GO:0050829
FBgn0000146	FBtr0080165	FBpp0079754	aub	GO:0050829
FBgn0008635	FBtr0074576	FBpp0074348	betaCOP	GO:0050829
FBgn0000229	FBtr0080087	FBpp0079676	bsk	GO:0050829
FBgn0000250	FBtr0337081	FBpp0308004	cact	GO:0019730
FBgn0029093	FBtr0452080	FBpp0402840	cathD	GO:0050829
FBgn0037384	FBtr0078638	FBpp0078287	dgrn	GO:0045087
FBgn0037384	FBtr0078638	FBpp0078287	dgrn	GO:0002225
FBgn0260632	FBtr0081005	FBpp0080558	dl	GO:0006955
FBgn0260632	FBtr0081005	FBpp0080558	dl	GO:0008063
FBgn0260632	FBtr0081005	FBpp0080558	dl	GO:0002225
FBgn0260632	FBtr0081005	FBpp0080558	dl	GO:0006955
FBgn0260632	FBtr0081005	FBpp0080558	dl	GO:0045087
FBgn0043903	FBtr0074756	FBpp0074525	dome	GO:0050829
FBgn0037270	FBtr0078892	FBpp0078532	eIF3f1	GO:0140492
FBgn0037270	FBtr0078892	FBpp0078532	eIF3f1	GO:0050829
FBgn0037270	FBtr0078892	FBpp0078532	eIF3f1	GO:0140367
FBgn0037270	FBtr0078892	FBpp0078532	eIF3f1	GO:0061059
FBgn0243514	FBtr0310079	FBpp0301780	eater	GO:0006955
FBgn0243514	FBtr0310079	FBpp0301780	eater	GO:0050830
FBgn0243514	FBtr0310079	FBpp0301780	eater	GO:0006955
FBgn0052185	FBtr0075174	FBpp0074940	edin	GO:0050830
FBgn0052185	FBtr0075174	FBpp0074940	edin	GO:0050830
FBgn0052185	FBtr0075174	FBpp0074940	edin	GO:0050829
FBgn0033483	FBtr0088405	FBpp0087493	egr	GO:0006955
FBgn0033483	FBtr0088405	FBpp0087493	egr	GO:0006955
FBgn0033483	FBtr0088405	FBpp0087493	egr	GO:0050829
FBgn0033483	FBtr0088405	FBpp0087493	egr	GO:0045087
FBgn0033483	FBtr0088405	FBpp0087493	egr	GO:0050829
FBgn0033483	FBtr0088405	FBpp0087493	egr	GO:0045087
FBgn0033483	FBtr0088405	FBpp0087493	egr	GO:0006955
FBgn0000320	FBtr0079334	FBpp0078963	eya	GO:0045087
FBgn0005632	FBtr0307550	FBpp0300202	faf	GO:0050829
FBgn0000721	FBtr0089304	FBpp0088350	for	GO:0007168
FBgn0038197	FBtr0082886	FBpp0089343	foxo	GO:0009617
FBgn0038197	FBtr0082886	FBpp0089343	foxo	GO:0009617
FBgn0039494	FBtr0085111	FBpp0084481	grass	GO:0050830
FBgn0039494	FBtr0085111	FBpp0084481	grass	GO:0045087
FBgn0039494	FBtr0085111	FBpp0084481	grass	GO:0005576
FBgn0039494	FBtr0085111	FBpp0084481	grass	GO:0160032
FBgn0039494	FBtr0085111	FBpp0084481	grass	GO:0050830
FBgn0039494	FBtr0085111	FBpp0084481	grass	GO:0050830
FBgn0039494	FBtr0085111	FBpp0084481	grass	GO:0045087
FBgn0039494	FBtr0085111	FBpp0084481	grass	GO:0160032
FBgn0039494	FBtr0085111	FBpp0084481	grass	GO:0050830
FBgn0039494	FBtr0085111	FBpp0084481	grass	GO:0045087
FBgn0039494	FBtr0085111	FBpp0084481	grass	GO:0050830
FBgn0039494	FBtr0085111	FBpp0084481	grass	GO:0045087
FBgn0010389	FBtr0083548	FBpp0082970	htl	GO:0050829
FBgn0013983	FBtr0345891	FBpp0311815	imd	GO:0006955
FBgn0013983	FBtr0345891	FBpp0311815	imd	GO:0009617
FBgn0013983	FBtr0345891	FBpp0311815	imd	GO:0050829
FBgn0013983	FBtr0345891	FBpp0311815	imd	GO:0050829
FBgn0011674	FBtr0071562	FBpp0071490	insc	GO:0050829
FBgn0041205	FBtr0072428	FBpp0072333	key	GO:0050829
FBgn0041205	FBtr0072428	FBpp0072333	key	GO:0050829
FBgn0041205	FBtr0072428	FBpp0072333	key	GO:0050829
FBgn0041205	FBtr0072428	FBpp0072333	key	GO:0006955
FBgn0041205	FBtr0072428	FBpp0072333	key	GO:0050829
FBgn0041205	FBtr0072428	FBpp0072333	key	GO:0050829
FBgn0041205	FBtr0072428	FBpp0072333	key	GO:0050829
FBgn0001319	FBtr0112810	FBpp0111722	kn	GO:0045087
FBgn0261574	FBtr0346077	FBpp0311915	kug	GO:0050829
FBgn0040107	FBtr0077998	FBpp0077663	lectin-21Ca	GO:0006955
FBgn0040106	FBtr0308305	FBpp0300624	lectin-21Cb	GO:0006955
FBgn0259230	FBtr0299675	FBpp0288953	lectin-22C	GO:0006955
FBgn0040104	FBtr0077539	FBpp0077228	lectin-24A	GO:0006955
FBgn0040102	FBtr0077469	FBpp0077158	lectin-24Db	GO:0006955
FBgn0040098	FBtr0079715	FBpp0079320	lectin-29Ca	GO:0006955
FBgn0053532	FBtr0091498	FBpp0099709	lectin-37Da	GO:0006955
FBgn0053533	FBtr0091499	FBpp0099538	lectin-37Db	GO:0006955
FBgn0010602	FBtr0310028	FBpp0301731	lwr	GO:0002225
FBgn0290416	FBtr0084562	FBpp0083947	mask	GO:0045087
FBgn0026207	FBtr0082668	FBpp0082137	mbo	GO:0019730
FBgn0051217	FBtr0083353	FBpp0082798	modSP	GO:0160032
FBgn0051217	FBtr0083353	FBpp0082798	modSP	GO:0050830
FBgn0051217	FBtr0083353	FBpp0082798	modSP	GO:0045087
FBgn0051217	FBtr0083353	FBpp0082798	modSP	GO:0160032
FBgn0051217	FBtr0083353	FBpp0082798	modSP	GO:0050830
FBgn0051217	FBtr0083353	FBpp0082798	modSP	GO:0045087
FBgn0036448	FBtr0075700	FBpp0075450	mop	GO:0002225
FBgn0004414	FBtr0334114	FBpp0306233	msopa	GO:0006952
FBgn0013576	FBtr0273431	FBpp0271939	mtd	GO:0050829
FBgn0051813	FBtr0343656	FBpp0310251	nur	GO:0019730
FBgn0283508	FBtr0305703	FBpp0296983	nw	GO:0006955
FBgn0015765	FBtr0084581	FBpp0083966	p38a	GO:0006955
FBgn0024846	FBtr0080534	FBpp0080111	p38b	GO:0006955
FBgn0024846	FBtr0080534	FBpp0080111	p38b	GO:0009617
FBgn0267339	FBtr0084582	FBpp0083967	p38c	GO:0009617
FBgn0010441	FBtr0085179	FBpp0084549	pll	GO:0045087
FBgn0010441	FBtr0085179	FBpp0084549	pll	GO:0045087
FBgn0030926	FBtr0074629	FBpp0074400	psh	GO:0045087
FBgn0030926	FBtr0074629	FBpp0074400	psh	GO:0160032
FBgn0030926	FBtr0074629	FBpp0074400	psh	GO:0160032
FBgn0030926	FBtr0074629	FBpp0074400	psh	GO:0050830
FBgn0030926	FBtr0074629	FBpp0074400	psh	GO:0045087
FBgn0030926	FBtr0074629	FBpp0074400	psh	GO:0045087
FBgn0030926	FBtr0074629	FBpp0074400	psh	GO:0050830
FBgn0030926	FBtr0074629	FBpp0074400	psh	GO:0045087
FBgn0243511	FBtr0083829	FBpp0083238	psidin	GO:0006955
FBgn0243511	FBtr0083829	FBpp0083238	psidin	GO:0002253
FBgn0003317	FBtr0088832	FBpp0087908	sax	GO:0050829
FBgn0033033	FBtr0086060	FBpp0085396	scaf	GO:0045087
FBgn0031676	FBtr0079009	FBpp0078648	senju	GO:0002225
FBgn0266411	FBtr0344374	FBpp0310747	sima	GO:0010628
FBgn0266411	FBtr0344374	FBpp0310747	sima	GO:0045821
FBgn0037203	FBtr0078555	FBpp0078206	slif	GO:0050829
FBgn0003450	FBtr0112833	FBpp0111746	snk	GO:0045087
FBgn0030774	FBtr0074363	FBpp0074137	sphe	GO:0045087
FBgn0030774	FBtr0074363	FBpp0074137	sphe	GO:0050830
FBgn0030774	FBtr0074363	FBpp0074137	sphe	GO:0045087
FBgn0052383	FBtr0300363	FBpp0289592	sphinx1	GO:0050829
FBgn0052383	FBtr0300363	FBpp0289592	sphinx1	GO:0050830
FBgn0052383	FBtr0300363	FBpp0289592	sphinx1	GO:0045087
FBgn0052383	FBtr0300363	FBpp0289592	sphinx1	GO:0045087
FBgn0052382	FBtr0346808	FBpp0312383	sphinx2	GO:0045087
FBgn0052382	FBtr0346808	FBpp0312383	sphinx2	GO:0050830
FBgn0052382	FBtr0346808	FBpp0312383	sphinx2	GO:0050829
FBgn0052382	FBtr0346808	FBpp0312383	sphinx2	GO:0045087
FBgn0030051	FBtr0071230	FBpp0071174	spirit	GO:0050830
FBgn0030051	FBtr0071230	FBpp0071174	spirit	GO:0045087
FBgn0030051	FBtr0071230	FBpp0071174	spirit	GO:0050829
FBgn0030051	FBtr0071230	FBpp0071174	spirit	GO:0045087
FBgn0003495	FBtr0112834	FBpp0111747	spz	GO:0008063
FBgn0003495	FBtr0112834	FBpp0111747	spz	GO:0050830
FBgn0003495	FBtr0112834	FBpp0111747	spz	GO:0050830
FBgn0003495	FBtr0112834	FBpp0111747	spz	GO:0008063
FBgn0003495	FBtr0112834	FBpp0111747	spz	GO:0050830
FBgn0003495	FBtr0112834	FBpp0111747	spz	GO:0045087
FBgn0003495	FBtr0112834	FBpp0111747	spz	GO:0045087
FBgn0003495	FBtr0112834	FBpp0111747	spz	GO:0045087
FBgn0003495	FBtr0112834	FBpp0111747	spz	GO:0002225
FBgn0003495	FBtr0112834	FBpp0111747	spz	GO:0050829
FBgn0003495	FBtr0112834	FBpp0111747	spz	GO:0045087
FBgn0003495	FBtr0112834	FBpp0111747	spz	GO:0008063
FBgn0003495	FBtr0112834	FBpp0111747	spz	GO:0050830
FBgn0003495	FBtr0112834	FBpp0111747	spz	GO:0045087
FBgn0031959	FBtr0079561	FBpp0079183	spz3	GO:0045087
FBgn0032362	FBtr0305261	FBpp0293785	spz4	GO:0045087
FBgn0035379	FBtr0073011	FBpp0072881	spz5	GO:0048018
FBgn0035379	FBtr0073011	FBpp0072881	spz5	GO:0045087
FBgn0035379	FBtr0073011	FBpp0072881	spz5	GO:0002225
FBgn0035379	FBtr0073011	FBpp0072881	spz5	GO:0045087
FBgn0035056	FBtr0072370	FBpp0072277	spz6	GO:0045087
FBgn0038721	FBtr0083805	FBpp0083215	subdued	GO:0050829
FBgn0035199	FBtr0072659	FBpp0072553	tfc	GO:0006955
FBgn0003882	FBtr0302338	FBpp0291542	tub	GO:0045087
FBgn0003882	FBtr0302338	FBpp0291542	tub	GO:0045087
FBgn0288846	FBtr0347497	FBpp0312575	unc-45	GO:0050829
FBgn0004956	FBtr0343592	FBpp0310189	upd1	GO:0050829
FBgn0053542	FBtr0113465	FBpp0112376	upd3	GO:0019730
FBgn0038134	FBtr0082775	FBpp0082243	wntD	GO:0050830
FBgn0038134	FBtr0082775	FBpp0082243	wntD	GO:0050830
FBgn0016078	FBtr0088552	FBpp0087635	wun	GO:0050829
FBgn0040060	FBtr0077038	FBpp0076746	yip7	GO:0045087
